Municipality,County,Year, Total Personal Vehicles,# of EVs,% of EVs
Pine Valley borough, Camden ,2020,13,null,null
Tavistock borough, Camden ,2020,6,1,16.67%
Walpack township, Sussex ,2020,8,1,12.50%
Deal borough, Monmouth ,2020,363,37,10.19%
Cape May Point borough, Cape May ,2020,135,7,5.19%
Alpine borough, Bergen ,2020,1095,56,5.11%
Far Hills borough, Somerset ,2020,727,36,4.95%
Avalon borough, Cape May ,2020,1311,54,4.12%
Loch Arbour village, Monmouth ,2020,148,6,4.05%
Allenhurst borough, Monmouth ,2020,327,13,3.98%
Stone Harbor borough, Cape May ,2020,749,24,3.20%
Millburn township, Essex ,2020,13020,414,3.18%
Pennington borough, Mercer ,2020,1734,55,3.17%
Sea Bright borough, Monmouth ,2020,1040,33,3.17%
Mountain Lakes borough, Morris ,2020,2977,90,3.02%
Saddle River borough, Bergen ,2020,2750,83,3.02%
Demarest borough, Bergen ,2020,3314,98,2.96%
Princeton, Mercer ,2020,15263,450,2.95%
Tenafly borough, Bergen ,2020,8661,241,2.78%
West Windsor township, Mercer ,2020,18347,508,2.77%
Monmouth Beach borough, Monmouth ,2020,2539,69,2.72%
Chester borough, Morris ,2020,1040,27,2.60%
Watchung borough, Somerset ,2020,4082,105,2.57%
Hopewell borough, Mercer ,2020,1330,34,2.56%
Andover borough, Sussex ,2020,551,14,2.54%
Englewood Cliffs borough, Bergen ,2020,3861,98,2.54%
Montgomery township, Somerset ,2020,15454,383,2.48%
Essex Fells borough, Essex ,2020,1496,37,2.47%
Rocky Hill borough, Somerset ,2020,434,10,2.30%
Warren township, Somerset ,2020,11357,258,2.27%
Sea Isle City city, Cape May ,2020,1741,39,2.24%
South Orange Village township, Essex ,2020,7968,171,2.15%
Upper Saddle River borough, Bergen ,2020,5797,123,2.12%
Teterboro borough, Bergen ,2020,49,1,2.04%
Wildwood city, Cape May ,2020,2382,48,2.02%
Closter borough, Bergen ,2020,5274,105,1.99%
Glen Ridge borough, Essex ,2020,4295,83,1.93%
Sea Girt borough, Monmouth ,2020,1350,26,1.93%
West Wildwood borough, Cape May ,2020,313,6,1.92%
Livingston township, Essex ,2020,20000,382,1.91%
Ridgewood village, Bergen ,2020,15805,291,1.84%
Montclair township, Essex ,2020,21667,395,1.82%
Franklin Lakes borough, Bergen ,2020,8322,151,1.81%
Ho-Ho-Kus borough, Bergen ,2020,2826,50,1.77%
North Wildwood city, Cape May ,2020,2724,47,1.73%
Cresskill borough, Bergen ,2020,5531,95,1.72%
South Brunswick township, Middlesex ,2020,29797,512,1.72%
Moorestown township, Burlington ,2020,14601,250,1.71%
Peapack and Gladstone borough, Somerset ,2020,1751,30,1.71%
Barnegat Light borough, Ocean ,2020,415,7,1.69%
Plainsboro township, Middlesex ,2020,14771,249,1.69%
Farmingdale borough, Monmouth ,2020,900,15,1.67%
Chatham borough, Morris ,2020,5439,89,1.64%
Holmdel township, Monmouth ,2020,12341,202,1.64%
Cape May city, Cape May ,2020,1971,32,1.62%
Hopewell township, Mercer ,2020,12631,205,1.62%
Rumson borough, Monmouth ,2020,4605,74,1.61%
Summit city, Union ,2020,13912,224,1.61%
Bernards township, Somerset ,2020,18377,294,1.60%
Bernardsville borough, Somerset ,2020,5260,84,1.60%
Mendham borough, Morris ,2020,3428,55,1.60%
Maplewood township, Essex ,2020,13259,208,1.57%
Wrightstown borough, Burlington ,2020,384,6,1.56%
Chatham township, Morris ,2020,6737,104,1.54%
Colts Neck township, Monmouth ,2020,7212,111,1.54%
Cranbury township, Middlesex ,2020,2797,43,1.54%
Flemington borough, Hunterdon ,2020,2617,40,1.53%
Monroe township, Middlesex ,2020,32072,491,1.53%
Woodcliff Lake borough, Bergen ,2020,4042,62,1.53%
Marlboro township, Monmouth ,2020,27464,414,1.51%
Berkeley Heights township, Union ,2020,9120,134,1.47%
Madison borough, Morris ,2020,10100,147,1.46%
Glen Rock borough, Bergen ,2020,6767,98,1.45%
Westwood borough, Bergen ,2020,7258,105,1.45%
Chesterfield township, Burlington ,2020,3766,53,1.41%
Norwood borough, Bergen ,2020,3698,52,1.41%
Harding township, Morris ,2020,3210,45,1.40%
Allendale borough, Bergen ,2020,4321,60,1.39%
Paramus borough, Bergen ,2020,16692,231,1.38%
Haddonfield borough, Camden ,2020,7545,103,1.37%
Westfield town, Union ,2020,19514,268,1.37%
Edgewater borough, Bergen ,2020,8018,108,1.35%
Fair Haven borough, Monmouth ,2020,3680,49,1.33%
Allentown borough, Monmouth ,2020,1361,18,1.32%
Morristown town, Morris ,2020,12924,170,1.32%
Haworth borough, Bergen ,2020,2289,30,1.31%
Clinton town, Hunterdon ,2020,1993,26,1.30%
Robbinsville township, Mercer ,2020,9874,128,1.30%
Spring Lake Heights borough, Monmouth ,2020,3240,42,1.30%
Roseland borough, Essex ,2020,4219,54,1.28%
Longport borough, Atlantic ,2020,706,9,1.27%
Lambertville city, Hunterdon ,2020,2880,36,1.25%
Montville township, Morris ,2020,16031,201,1.25%
Long Hill township, Morris ,2020,6223,77,1.24%
Voorhees township, Camden ,2020,19384,241,1.24%
Englishtown borough, Monmouth ,2020,1223,15,1.23%
Hillsborough township, Somerset ,2020,27697,337,1.22%
Hightstown borough, Mercer ,2020,3211,39,1.21%
Lakewood township, Ocean ,2020,34782,421,1.21%
Mountainside borough, Union ,2020,4870,59,1.21%
Mendham township, Morris ,2020,4408,53,1.20%
Margate City city, Atlantic ,2020,4699,56,1.19%
Jamesburg borough, Middlesex ,2020,3806,45,1.18%
Wood-Ridge borough, Bergen ,2020,6009,71,1.18%
Edison township, Middlesex ,2020,59239,690,1.16%
East Brunswick township, Middlesex ,2020,32528,373,1.15%
Rockleigh borough, Bergen ,2020,174,2,1.15%
New Providence borough, Union ,2020,9004,103,1.14%
West Cape May borough, Cape May ,2020,789,9,1.14%
Lebanon borough, Hunterdon ,2020,1511,17,1.13%
Tewksbury township, Hunterdon ,2020,4419,50,1.13%
Bay Head borough, Ocean ,2020,811,9,1.11%
Bridgewater township, Somerset ,2020,30647,340,1.11%
Dunellen borough, Middlesex ,2020,4071,45,1.11%
Ocean City city, Cape May ,2020,8012,89,1.11%
Wildwood Crest borough, Cape May ,2020,2610,29,1.11%
East Amwell township, Hunterdon ,2020,3273,36,1.10%
Lawrence township, Mercer ,2020,21566,237,1.10%
Florham Park borough, Morris ,2020,7275,79,1.09%
Weehawken township, Hudson ,2020,7680,84,1.09%
Morris Plains borough, Morris ,2020,4540,49,1.08%
Spring Lake borough, Monmouth ,2020,2412,26,1.08%
Cherry Hill township, Camden ,2020,49528,531,1.07%
West Long Branch borough, Monmouth ,2020,5048,54,1.07%
Belmar borough, Monmouth ,2020,3869,41,1.06%
Fort Lee borough, Bergen ,2020,21713,231,1.06%
Harrington Park borough, Bergen ,2020,3575,38,1.06%
Denville township, Morris ,2020,12134,128,1.05%
Mantoloking borough, Ocean ,2020,381,4,1.05%
Chester township, Morris ,2020,5986,62,1.04%
Wyckoff township, Bergen ,2020,11582,119,1.03%
Hoboken city, Hudson ,2020,20009,205,1.02%
Morris township, Morris ,2020,16169,165,1.02%
Swedesboro borough, Gloucester ,2020,1570,16,1.02%
Caldwell borough, Essex ,2020,5256,53,1.01%
Old Tappan borough, Bergen ,2020,4064,41,1.01%
River Vale township, Bergen ,2020,6916,70,1.01%
East Windsor township, Mercer ,2020,16571,165,1.00%
Medford township, Burlington ,2020,17470,174,1.00%
Califon borough, Hunterdon ,2020,923,9,0.98%
Manasquan borough, Monmouth ,2020,4509,44,0.98%
Leonia borough, Bergen ,2020,5551,54,0.97%
Scotch Plains township, Union ,2020,16886,163,0.97%
Sparta township, Sussex ,2020,13629,132,0.97%
Montvale borough, Bergen ,2020,5634,54,0.96%
Point Pleasant Beach borough, Ocean ,2020,3327,32,0.96%
Bedminster township, Somerset ,2020,6866,65,0.95%
Randolph township, Morris ,2020,17731,169,0.95%
Metuchen borough, Middlesex ,2020,8978,84,0.94%
Boonton town, Morris ,2020,5615,52,0.93%
Mahwah township, Bergen ,2020,17368,161,0.93%
Piscataway township, Middlesex ,2020,29930,279,0.93%
West Orange township, Essex ,2020,27309,254,0.93%
Franklin township, Hunterdon ,2020,2825,26,0.92%
Highland Park borough, Middlesex ,2020,8593,79,0.92%
River Edge borough, Bergen ,2020,7587,70,0.92%
Brielle borough, Monmouth ,2020,3293,30,0.91%
Manalapan township, Monmouth ,2020,27480,249,0.91%
Millstone borough, Somerset ,2020,441,4,0.91%
Parsippany-Troy Hills township, Morris ,2020,34525,315,0.91%
Secaucus town, Hudson ,2020,11820,107,0.91%
Alpine borough, Bergen ,2015,1185,11,0.90%
Harrison township, Gloucester ,2020,8938,80,0.90%
Oradell borough, Bergen ,2020,5657,51,0.90%
Ship Bottom borough, Ocean ,2020,888,8,0.90%
Franklin township, Somerset ,2020,42932,383,0.89%
Millstone township, Monmouth ,2020,8474,75,0.89%
West Caldwell township, Essex ,2020,7859,70,0.89%
Avon-by-the-Sea borough, Monmouth ,2020,1365,12,0.88%
Beach Haven borough, Ocean ,2020,797,7,0.88%
Green Brook township, Somerset ,2020,4790,42,0.88%
Mansfield township, Burlington ,2020,6595,58,0.88%
Medford Lakes borough, Burlington ,2020,2960,26,0.88%
Verona township, Essex ,2020,9179,81,0.88%
Washington township, Bergen ,2020,6674,59,0.88%
West Amwell township, Hunterdon ,2020,2373,21,0.88%
Cedar Grove township, Essex ,2020,8062,70,0.87%
Little Silver borough, Monmouth ,2020,4348,38,0.87%
Somerville borough, Somerset ,2020,7267,63,0.87%
Elmer borough, Salem ,2020,932,8,0.86%
Asbury Park city, Monmouth ,2020,8588,73,0.85%
Clinton township, Hunterdon ,2020,8970,76,0.85%
North Brunswick township, Middlesex ,2020,24070,204,0.85%
Roosevelt borough, Monmouth ,2020,589,5,0.85%
Bradley Beach borough, Monmouth ,2020,2751,23,0.84%
Butler borough, Morris ,2020,5730,48,0.84%
Englewood city, Bergen ,2020,16850,141,0.84%
Long Beach township, Ocean ,2020,2486,21,0.84%
Stockton borough, Hunterdon ,2020,474,4,0.84%
Fairfield township, Essex ,2020,5511,46,0.83%
Jersey City city, Hudson ,2020,88454,737,0.83%
Shrewsbury borough, Monmouth ,2020,2800,23,0.82%
Glen Gardner borough, Hunterdon ,2020,1230,10,0.81%
Haddon township, Camden ,2020,9835,80,0.81%
Ramsey borough, Bergen ,2020,10392,84,0.81%
Red Bank borough, Monmouth ,2020,7444,60,0.81%
Eatontown borough, Monmouth ,2020,8370,67,0.80%
Linwood city, Atlantic ,2020,4982,40,0.80%
Matawan borough, Monmouth ,2020,5732,46,0.80%
Raritan township, Hunterdon ,2020,16670,133,0.80%
Upper Freehold township, Monmouth ,2020,5338,42,0.79%
East Greenwich township, Gloucester ,2020,7796,61,0.78%
Hanover township, Morris ,2020,10681,83,0.78%
Hasbrouck Heights borough, Bergen ,2020,7190,56,0.78%
Ocean township, Monmouth ,2020,18626,146,0.78%
Teaneck township, Bergen ,2020,22086,173,0.78%
Delaware township, Hunterdon ,2020,3752,29,0.77%
Harvey Cedars borough, Ocean ,2020,388,3,0.77%
North Caldwell borough, Essex ,2020,4827,37,0.77%
South Harrison township, Gloucester ,2020,2215,17,0.77%
Union township, Hunterdon ,2020,3365,26,0.77%
Boonton township, Morris ,2020,3046,23,0.76%
Park Ridge borough, Bergen ,2020,6357,48,0.76%
Readington township, Hunterdon ,2020,12780,97,0.76%
Lake Como borough, Monmouth ,2020,1336,10,0.75%
Mount Laurel township, Burlington ,2020,30924,228,0.74%
Collingswood borough, Camden ,2020,9239,67,0.73%
East Hanover township, Morris ,2020,8079,59,0.73%
Fanwood borough, Union ,2020,5232,38,0.73%
Washington township, Morris ,2020,13124,96,0.73%
Frenchtown borough, Hunterdon ,2020,966,7,0.72%
Milltown borough, Middlesex ,2020,4894,35,0.72%
Cranford township, Union ,2020,16659,119,0.71%
Sea Bright borough, Monmouth ,2015,1108,8,0.71%
Hainesport township, Burlington ,2020,4882,34,0.70%
Island Heights borough, Ocean ,2020,1289,9,0.70%
Northvale borough, Bergen ,2020,3434,24,0.70%
Seaside Park borough, Ocean ,2020,1563,11,0.70%
Long Branch city, Monmouth ,2020,18358,127,0.69%
Palisades Park borough, Bergen ,2020,10493,72,0.69%
Atlantic Highlands borough, Monmouth ,2020,3110,21,0.68%
Bordentown city, Burlington ,2020,2779,19,0.68%
Elk township, Gloucester ,2020,2789,19,0.68%
Freehold borough, Monmouth ,2020,5562,38,0.68%
Lebanon township, Hunterdon ,2020,5122,35,0.68%
Hillsdale borough, Bergen ,2020,7288,48,0.66%
Oakland borough, Bergen ,2020,8908,59,0.66%
Ringwood borough, Passaic ,2020,8988,59,0.66%
South Bound Brook borough, Somerset ,2020,2891,19,0.66%
Cinnaminson township, Burlington ,2020,11917,77,0.65%
Fair Lawn borough, Bergen ,2020,21243,139,0.65%
Oldmans township, Salem ,2020,1229,8,0.65%
Wayne township, Passaic ,2020,35517,232,0.65%
Kingwood township, Hunterdon ,2020,3142,20,0.64%
Rutherford borough, Bergen ,2020,10961,70,0.64%
Shrewsbury township, Monmouth ,2020,942,6,0.64%
Southampton township, Burlington ,2020,7800,50,0.64%
Woodlynne borough, Camden ,2020,1093,7,0.64%
Woodstown borough, Salem ,2020,2362,15,0.64%
Woolwich township, Gloucester ,2020,7964,51,0.64%
Port Republic city, Atlantic ,2020,1104,7,0.63%
Raritan borough, Somerset ,2020,5228,33,0.63%
Riverton borough, Burlington ,2020,1913,12,0.63%
Evesham township, Burlington ,2020,33027,204,0.62%
Hampton borough, Hunterdon ,2020,973,6,0.62%
Kinnelon borough, Morris ,2020,7682,48,0.62%
Interlaken borough, Monmouth ,2020,657,4,0.61%
Totowa borough, Passaic ,2020,7197,44,0.61%
West New York town, Hudson ,2020,15432,94,0.61%
Wall township, Monmouth ,2020,19821,119,0.60%
Egg Harbor City city, Atlantic ,2020,2041,12,0.59%
Hackettstown town, Warren ,2020,5730,33,0.58%
Helmetta borough, Middlesex ,2020,1713,10,0.58%
Lower township, Cape May ,2020,16172,94,0.58%
Lumberton township, Burlington ,2020,8516,49,0.58%
Rockaway borough, Morris ,2020,4342,25,0.58%
Springfield township, Union ,2020,12027,70,0.58%
Branchburg township, Somerset ,2020,11119,63,0.57%
Burlington city, Burlington ,2020,6107,35,0.57%
Merchantville borough, Camden ,2020,2120,12,0.57%
Midland Park borough, Bergen ,2020,5123,29,0.57%
Bloomsbury borough, Hunterdon ,2020,709,4,0.56%
Bogota borough, Bergen ,2020,4792,27,0.56%
Emerson borough, Bergen ,2020,5155,29,0.56%
Logan township, Gloucester ,2020,4075,23,0.56%
Seaside Heights borough, Ocean ,2020,1432,8,0.56%
Pilesgrove township, Salem ,2020,3084,17,0.55%
Surf City borough, Ocean ,2020,1094,6,0.55%
Bloomfield township, Essex ,2020,28742,156,0.54%
Freehold township, Monmouth ,2020,23664,128,0.54%
Far Hills borough, Somerset ,2015,800,4,0.53%
New Milford borough, Bergen ,2020,10211,54,0.53%
Ridgefield Park village, Bergen ,2020,7146,38,0.53%
Woodland Park borough, Passaic ,2020,7975,42,0.53%
Barrington borough, Camden ,2020,4958,26,0.52%
Brigantine city, Atlantic ,2020,6590,34,0.52%
Eagleswood township, Ocean ,2020,1148,6,0.52%
Hardwick township, Warren ,2020,1152,6,0.52%
Old Bridge township, Middlesex ,2020,44998,234,0.52%
Tinton Falls borough, Monmouth ,2020,12388,65,0.52%
Bethlehem township, Hunterdon ,2020,3349,17,0.51%
Gibbsboro borough, Camden ,2020,1557,8,0.51%
Haddon Heights borough, Camden ,2020,5504,28,0.51%
Mount Olive township, Morris ,2020,19819,102,0.51%
Point Pleasant borough, Ocean ,2020,14322,73,0.51%
South Plainfield borough, Middlesex ,2020,16529,84,0.51%
Ventnor City city, Atlantic ,2020,6068,31,0.51%
Egg Harbor township, Atlantic ,2020,28220,142,0.50%
Harrison town, Hudson ,2020,7223,36,0.50%
Howell township, Monmouth ,2020,35755,177,0.50%
Middletown township, Monmouth ,2020,46745,233,0.50%
Mount Holly township, Burlington ,2020,5580,28,0.50%
Oceanport borough, Monmouth ,2020,4623,23,0.50%
Sussex borough, Sussex ,2020,1204,6,0.50%
Wenonah borough, Gloucester ,2020,1593,8,0.50%
Clark township, Union ,2020,11316,56,0.49%
East Newark borough, Hudson ,2020,819,4,0.49%
Franklin township, Warren ,2020,2471,12,0.49%
High Bridge borough, Hunterdon ,2020,2680,13,0.49%
Mansfield township, Warren ,2020,4903,24,0.49%
Pitman borough, Gloucester ,2020,5955,29,0.49%
Sayreville borough, Middlesex ,2020,29313,143,0.49%
Mantua township, Gloucester ,2020,10543,51,0.48%
Moonachie borough, Bergen ,2020,1461,7,0.48%
Nutley township, Essex ,2020,18561,90,0.48%
Greenwich township, Warren ,2020,3867,18,0.47%
Hamburg borough, Sussex ,2020,2337,11,0.47%
Jackson township, Ocean ,2020,40229,189,0.47%
Keyport borough, Monmouth ,2020,4682,22,0.47%
New Hanover township, Burlington ,2020,1913,9,0.47%
Watchung borough, Somerset ,2015,4166,20,0.47%
Woodbridge township, Middlesex ,2020,59139,278,0.47%
Alexandria township, Hunterdon ,2020,4097,19,0.46%
Bergenfield borough, Bergen ,2020,15318,71,0.46%
East Rutherford borough, Bergen ,2020,6252,29,0.46%
Hammonton town, Atlantic ,2020,9278,43,0.46%
Highlands borough, Monmouth ,2020,3713,17,0.46%
Middle township, Cape May ,2020,13110,60,0.46%
Newfield borough, Gloucester ,2020,1093,5,0.46%
Oaklyn borough, Camden ,2020,2819,13,0.46%
Woodland township, Burlington ,2020,1295,6,0.46%
Aberdeen township, Monmouth ,2020,14375,64,0.45%
Frankford township, Sussex ,2020,4193,19,0.45%
Frelinghuysen township, Warren ,2020,1552,7,0.45%
Hopewell borough, Mercer ,2015,1424,6,0.45%
Maywood borough, Bergen ,2020,6228,28,0.45%
Toms River township, Ocean ,2020,64822,291,0.45%
Florence township, Burlington ,2020,9006,40,0.44%
Hope township, Warren ,2020,1590,7,0.44%
North Hanover township, Burlington ,2020,4970,22,0.44%
Prospect Park borough, Passaic ,2020,2489,11,0.44%
Salem city, Salem ,2020,2056,9,0.44%
Spotswood borough, Middlesex ,2020,5654,25,0.44%
Upper Pittsgrove township, Salem ,2020,2506,11,0.44%
Allamuchy township, Warren ,2020,3912,17,0.43%
Folsom borough, Atlantic ,2020,1150,5,0.43%
Pemberton borough, Burlington ,2020,1150,5,0.43%
Pompton Lakes borough, Passaic ,2020,7385,32,0.43%
Riverdale borough, Morris ,2020,3258,14,0.43%
Shamong township, Burlington ,2020,4859,21,0.43%
Stafford township, Ocean ,2020,20829,90,0.43%
Waldwick borough, Bergen ,2020,6463,28,0.43%
Bound Brook borough, Somerset ,2020,5656,24,0.42%
Carlstadt borough, Bergen ,2020,4047,17,0.42%
Garwood borough, Union ,2020,2860,12,0.42%
Green township, Sussex ,2020,2592,11,0.42%
Hamilton township, Mercer ,2020,60294,256,0.42%
South Hackensack township, Bergen ,2020,1424,6,0.42%
Washington township, Gloucester ,2020,33559,142,0.42%
Wharton borough, Morris ,2020,4081,17,0.42%
Winslow township, Camden ,2020,24874,105,0.42%
Blairstown township, Warren ,2020,4599,19,0.41%
Bordentown township, Burlington ,2020,8691,36,0.41%
Byram township, Sussex ,2020,6326,26,0.41%
Cliffside Park borough, Bergen ,2020,14008,57,0.41%
Dennis township, Cape May ,2020,4928,20,0.41%
Dumont borough, Bergen ,2020,11788,48,0.41%
Hawthorne borough, Passaic ,2020,12681,52,0.41%
Little Falls township, Passaic ,2020,9770,40,0.41%
Rockaway township, Morris ,2020,18459,76,0.41%
South Amboy city, Middlesex ,2020,5605,23,0.41%
Springfield township, Burlington ,2020,2677,11,0.41%
Upper township, Cape May ,2020,9527,39,0.41%
Andover borough, Sussex ,2015,525,2,0.40%
Berlin borough, Camden ,2020,4957,20,0.40%
Clifton city, Passaic ,2020,49029,197,0.40%
Milford borough, Hunterdon ,2020,1011,4,0.40%
Palmyra borough, Burlington ,2020,4736,19,0.40%
Washington township, Burlington ,2020,499,2,0.40%
Woodbury city, Gloucester ,2020,5994,24,0.40%
Guttenberg town, Hudson ,2020,4619,18,0.39%
Hi-Nella borough, Camden ,2020,778,3,0.39%
Newton town, Sussex ,2020,5360,21,0.39%
Ridgefield borough, Bergen ,2020,6673,26,0.39%
Sandyston township, Sussex ,2020,1519,6,0.39%
Wanaque borough, Passaic ,2020,8215,32,0.39%
Audubon Park borough, Camden ,2020,792,3,0.38%
Bass River township, Burlington ,2020,1051,4,0.38%
Bloomingdale borough, Passaic ,2020,5248,20,0.38%
Burlington township, Burlington ,2020,15220,58,0.38%
Deptford township, Gloucester ,2020,20479,77,0.38%
Hackensack city, Bergen ,2020,23567,90,0.38%
Haledon borough, Passaic ,2020,4477,17,0.38%
Hazlet township, Monmouth ,2020,14045,53,0.38%
Knowlton township, Warren ,2020,2377,9,0.38%
Rumson borough, Monmouth ,2015,4817,18,0.38%
Vernon township, Sussex ,2020,17451,67,0.38%
Absecon city, Atlantic ,2020,5392,20,0.37%
Franklin township, Gloucester ,2020,12255,45,0.37%
Holland township, Hunterdon ,2020,4091,15,0.37%
Lafayette township, Sussex ,2020,1631,6,0.37%
Montague township, Sussex ,2020,3008,11,0.37%
Mount Ephraim borough, Camden ,2020,3523,13,0.37%
Plainfield city, Union ,2020,22027,81,0.37%
Princeton, Mercer ,2015,14615,54,0.37%
Rahway city, Union ,2020,17502,64,0.37%
Roxbury township, Morris ,2020,17015,63,0.37%
Shiloh borough, Cumberland ,2020,271,1,0.37%
Tabernacle township, Burlington ,2020,6157,23,0.37%
Wallington borough, Bergen ,2020,7339,27,0.37%
Washington borough, Warren ,2020,4638,17,0.37%
Audubon borough, Camden ,2020,5875,21,0.36%
Fieldsboro borough, Burlington ,2020,562,2,0.36%
Hardyston township, Sussex ,2020,6098,22,0.36%
Jefferson township, Morris ,2020,15765,57,0.36%
Mullica township, Atlantic ,2020,4112,15,0.36%
New Brunswick city, Middlesex ,2020,17457,62,0.36%
North Bergen township, Hudson ,2020,25912,94,0.36%
Pequannock township, Morris ,2020,10526,38,0.36%
Tuckerton borough, Ocean ,2020,2475,9,0.36%
Beachwood borough, Ocean ,2020,8002,28,0.35%
Buena Vista township, Atlantic ,2020,5471,19,0.35%
Hampton township, Sussex ,2020,3680,13,0.35%
Hopatcong borough, Sussex ,2020,11159,39,0.35%
Independence township, Warren ,2020,4616,16,0.35%
Kenilworth borough, Union ,2020,5182,18,0.35%
Riverside township, Burlington ,2020,4848,17,0.35%
South River borough, Middlesex ,2020,9404,33,0.35%
Woodbine borough, Cape May ,2020,1431,5,0.35%
Chesilhurst borough, Camden ,2020,874,3,0.34%
Chester borough, Morris ,2015,981,3,0.34%
Farmingdale borough, Monmouth ,2015,1009,3,0.34%
Lavallette borough, Ocean ,2020,1785,6,0.34%
Lincoln Park borough, Morris ,2020,7325,25,0.34%
North Haledon borough, Passaic ,2020,5594,19,0.34%
Northfield city, Atlantic ,2020,5601,19,0.34%
Peapack and Gladstone borough, Somerset ,2015,1787,6,0.34%
Somerdale borough, Camden ,2020,3798,13,0.34%
West Milford township, Passaic ,2020,19828,67,0.34%
Westampton township, Burlington ,2020,6395,22,0.34%
Winfield township, Union ,2020,1181,4,0.34%
Andover township, Sussex ,2020,4252,14,0.33%
Brick township, Ocean ,2020,55314,181,0.33%
Delanco township, Burlington ,2020,3377,11,0.33%
Eastampton township, Burlington ,2020,4486,15,0.33%
Ewing township, Mercer ,2020,22138,72,0.33%
Lakehurst borough, Ocean ,2020,1819,6,0.33%
Mount Arlington borough, Morris ,2020,4219,14,0.33%
Neptune City borough, Monmouth ,2020,3334,11,0.33%
Plumsted township, Ocean ,2020,6902,23,0.33%
Bellmawr borough, Camden ,2020,6953,22,0.32%
Berlin township, Camden ,2020,3773,12,0.32%
Delran township, Burlington ,2020,11504,37,0.32%
Fredon township, Sussex ,2020,2516,8,0.32%
Lawrence township, Cumberland ,2020,2164,7,0.32%
Magnolia borough, Camden ,2020,2846,9,0.32%
Monroe township, Gloucester ,2020,25618,82,0.32%
North Arlington borough, Bergen ,2020,10464,34,0.32%
Penns Grove borough, Salem ,2020,2209,7,0.32%
Saddle River borough, Bergen ,2015,2487,8,0.32%
Wantage township, Sussex ,2020,8443,27,0.32%
Berkeley township, Ocean ,2020,31161,98,0.31%
Clayton borough, Gloucester ,2020,5853,18,0.31%
Galloway township, Atlantic ,2020,23127,72,0.31%
Gloucester township, Camden ,2020,40581,125,0.31%
Lawnside borough, Camden ,2020,1906,6,0.31%
Little Ferry borough, Bergen ,2020,6873,21,0.31%
Neptune township, Monmouth ,2020,18577,57,0.31%
Pennington borough, Mercer ,2015,1779,6,0.31%
Saddle Brook township, Bergen ,2020,8792,27,0.31%
Stillwater township, Sussex ,2020,3216,10,0.31%
Union Beach borough, Monmouth ,2020,3875,12,0.31%
Bayonne city, Hudson ,2020,30135,89,0.30%
Clementon borough, Camden ,2020,3041,9,0.30%
Deerfield township, Cumberland ,2020,1983,6,0.30%
Hamilton township, Atlantic ,2020,16747,51,0.30%
Lodi borough, Bergen ,2020,13523,41,0.30%
Roselle Park borough, Union ,2020,8612,26,0.30%
West Deptford township, Gloucester ,2020,14484,44,0.30%
West Windsor township, Mercer ,2015,17832,53,0.30%
Elmwood Park borough, Bergen ,2020,11719,34,0.29%
Fairview borough, Bergen ,2020,6520,19,0.29%
Glassboro borough, Gloucester ,2020,11346,33,0.29%
Lacey township, Ocean ,2020,22629,65,0.29%
Linden city, Union ,2020,24492,70,0.29%
Mannington township, Salem ,2020,1026,3,0.29%
Ocean Gate borough, Ocean ,2020,1037,3,0.29%
Rochelle Park township, Bergen ,2020,3811,11,0.29%
Stanhope borough, Sussex ,2020,2409,7,0.29%
Union township, Union ,2020,37148,109,0.29%
Washington township, Warren ,2020,5262,15,0.29%
Barnegat township, Ocean ,2020,16490,46,0.28%
Elsinboro township, Salem ,2020,711,2,0.28%
Lindenwold borough, Camden ,2020,9753,27,0.28%
Lyndhurst township, Bergen ,2020,15267,43,0.28%
Pine Beach borough, Ocean ,2020,1788,5,0.28%
Bridgeton city, Cumberland ,2020,7756,21,0.27%
Little Egg Harbor township, Ocean ,2020,15732,43,0.27%
Mine Hill township, Morris ,2020,2549,7,0.27%
North Plainfield borough, Somerset ,2020,13007,35,0.27%
Pittsgrove township, Salem ,2020,6765,18,0.27%
Vineland city, Cumberland ,2020,37321,102,0.27%
Warren township, Somerset ,2015,10844,29,0.27%
Branchville borough, Sussex ,2020,766,2,0.26%
Ho-Ho-Kus borough, Bergen ,2015,2735,7,0.26%
Lopatcong township, Warren ,2020,6098,16,0.26%
Manville borough, Somerset ,2020,6812,18,0.26%
Maple Shade township, Burlington ,2020,12503,33,0.26%
Pemberton township, Burlington ,2020,18963,50,0.26%
Union City city, Hudson ,2020,20593,54,0.26%
Woodbury Heights borough, Gloucester ,2020,2285,6,0.26%
Alloway township, Salem ,2020,2766,7,0.25%
Englewood Cliffs borough, Bergen ,2015,3556,9,0.25%
Kearny town, Hudson ,2020,20519,51,0.25%
Middlesex borough, Middlesex ,2020,9146,23,0.25%
Pennsauken township, Camden ,2020,20601,51,0.25%
Phillipsburg town, Warren ,2020,8960,22,0.25%
South Orange Village township, Essex ,2015,8398,21,0.25%
Stow Creek township, Cumberland ,2020,815,2,0.25%
Summit city, Union ,2015,13018,32,0.25%
Atlantic City city, Atlantic ,2020,13353,32,0.24%
Belleville township, Essex ,2020,21413,52,0.24%
Belvidere town, Warren ,2020,1661,4,0.24%
Brooklawn borough, Camden ,2020,1226,3,0.24%
Commercial township, Cumberland ,2020,2953,7,0.24%
Estell Manor city, Atlantic ,2020,1254,3,0.24%
Garfield city, Bergen ,2020,18049,44,0.24%
Greenwich township, Cumberland ,2020,413,1,0.24%
Laurel Springs borough, Camden ,2020,1275,3,0.24%
Mendham borough, Morris ,2015,3191,8,0.24%
Montgomery township, Somerset ,2015,14935,35,0.24%
Pine Hill borough, Camden ,2020,7069,17,0.24%
Alpha borough, Warren ,2020,1741,4,0.23%
Downe township, Cumberland ,2020,858,2,0.23%
Manchester township, Ocean ,2020,31152,71,0.23%
Millville city, Cumberland ,2020,18722,43,0.23%
Rocky Hill borough, Somerset ,2015,440,1,0.23%
Runnemede borough, Camden ,2020,5272,12,0.23%
Victory Gardens borough, Morris ,2020,867,2,0.23%
White township, Warren ,2020,3418,8,0.23%
Carteret borough, Middlesex ,2020,13471,29,0.22%
Colts Neck township, Monmouth ,2015,7156,16,0.22%
Franklin borough, Sussex ,2020,3564,8,0.22%
Hillside township, Union ,2020,12545,28,0.22%
Holmdel township, Monmouth ,2015,11350,25,0.22%
Liberty township, Warren ,2020,2313,5,0.22%
Pohatcong township, Warren ,2020,2740,6,0.22%
Trenton city, Mercer ,2020,31840,69,0.22%
Beverly city, Burlington ,2020,1449,3,0.21%
Carneys Point township, Salem ,2020,4844,10,0.21%
Demarest borough, Bergen ,2015,3352,7,0.21%
Dover town, Morris ,2020,9152,19,0.21%
Gloucester City city, Camden ,2020,6325,13,0.21%
Millburn township, Essex ,2015,12477,26,0.21%
Netcong borough, Morris ,2020,2389,5,0.21%
Ocean township, Ocean ,2020,7047,15,0.21%
Passaic city, Passaic ,2020,20386,42,0.21%
Perth Amboy city, Middlesex ,2020,21105,44,0.21%
Somers Point city, Atlantic ,2020,6648,14,0.21%
Upper Saddle River borough, Bergen ,2015,5537,12,0.21%
Waterford township, Camden ,2020,7941,17,0.21%
City of Orange township, Essex ,2020,11311,23,0.20%
Hopewell township, Mercer ,2015,13216,26,0.20%
Lawrence township, Mercer ,2015,21570,43,0.20%
Morristown town, Morris ,2015,10434,21,0.20%
Mountain Lakes borough, Morris ,2015,2997,6,0.20%
Oxford township, Warren ,2020,1957,4,0.20%
Stratford borough, Camden ,2020,4584,9,0.20%
Westville borough, Gloucester ,2020,2545,5,0.20%
Weymouth township, Atlantic ,2020,2456,5,0.20%
Willingboro township, Burlington ,2020,20513,41,0.20%
Fairfield township, Cumberland ,2020,3215,6,0.19%
Shrewsbury borough, Monmouth ,2015,2685,5,0.19%
Tenafly borough, Bergen ,2015,8787,17,0.19%
Upper Deerfield township, Cumberland ,2020,4844,9,0.19%
Corbin City city, Atlantic ,2020,543,1,0.18%
Edgewater Park township, Burlington ,2020,5568,10,0.18%
Flemington borough, Hunterdon ,2015,2383,4,0.18%
Harmony township, Warren ,2020,2198,4,0.18%
Montclair township, Essex ,2015,21455,39,0.18%
Palmyra borough, Burlington ,2015,5046,9,0.18%
Pennsville township, Salem ,2020,9086,16,0.18%
Roselle borough, Union ,2020,11487,21,0.18%
Buena borough, Atlantic ,2020,2957,5,0.17%
Greenwich township, Gloucester ,2020,3494,6,0.17%
Haddonfield borough, Camden ,2015,7803,13,0.17%
Hopewell township, Cumberland ,2020,2983,5,0.17%
Keansburg borough, Monmouth ,2020,5860,10,0.17%
Maplewood township, Essex ,2015,12606,22,0.17%
Millstone township, Monmouth ,2015,7600,13,0.17%
South Brunswick township, Middlesex ,2015,29344,49,0.17%
Bernards township, Somerset ,2015,17670,29,0.16%
Bordentown city, Burlington ,2015,2583,4,0.16%
Califon borough, Hunterdon ,2015,834,1,0.16%
Elizabeth city, Union ,2020,51731,85,0.16%
Island Heights borough, Ocean ,2015,1273,2,0.16%
Lambertville city, Hunterdon ,2015,3160,5,0.16%
Lebanon borough, Hunterdon ,2015,1347,2,0.16%
Livingston township, Essex ,2015,19288,32,0.16%
Moorestown township, Burlington ,2015,14311,23,0.16%
Westwood borough, Bergen ,2015,6877,11,0.16%
Bay Head borough, Ocean ,2015,756,1,0.15%
Chatham borough, Morris ,2015,5456,8,0.15%
Franklin township, Hunterdon ,2015,2612,4,0.15%
Glen Gardner borough, Hunterdon ,2015,1231,2,0.15%
Loch Arbour village, Monmouth ,2015,132,0,0.15%
Madison borough, Morris ,2015,9726,15,0.15%
Mendham township, Morris ,2015,4102,6,0.15%
Mountainside borough, Union ,2015,4626,7,0.15%
Newark city, Essex ,2020,92490,141,0.15%
Oradell borough, Bergen ,2015,5314,8,0.15%
Quinton township, Salem ,2020,2002,3,0.15%
Ridgewood village, Bergen ,2015,15735,24,0.15%
Stone Harbor borough, Cape May ,2015,648,1,0.15%
West Long Branch borough, Monmouth ,2015,4810,7,0.15%
Chatham township, Morris ,2015,7021,10,0.14%
Highland Park borough, Middlesex ,2015,7642,11,0.14%
Leonia borough, Bergen ,2015,5103,7,0.14%
Lower Alloways Creek township, Salem ,2020,1391,2,0.14%
Medford township, Burlington ,2015,16389,23,0.14%
Monroe township, Middlesex ,2015,28818,41,0.14%
Paterson city, Passaic ,2020,48712,67,0.14%
Paulsboro borough, Gloucester ,2020,3650,5,0.14%
Plainsboro township, Middlesex ,2015,15022,21,0.14%
South Toms River borough, Ocean ,2020,2154,3,0.14%
Voorhees township, Camden ,2015,18068,26,0.14%
Woodcliff Lake borough, Bergen ,2015,4213,6,0.14%
Asbury Park city, Monmouth ,2015,6681,8,0.13%
Cherry Hill township, Camden ,2015,46741,59,0.13%
Chester township, Morris ,2015,5657,8,0.13%
Closter borough, Bergen ,2015,5277,7,0.13%
East Amwell township, Hunterdon ,2015,3185,4,0.13%
Edgewater borough, Bergen ,2015,7021,9,0.13%
Englewood city, Bergen ,2015,15117,20,0.13%
Fanwood borough, Union ,2015,4701,6,0.13%
Franklin Lakes borough, Bergen ,2015,8589,11,0.13%
Frenchtown borough, Hunterdon ,2015,1101,1,0.13%
Hanover township, Morris ,2015,10005,13,0.13%
Harding township, Morris ,2015,3074,4,0.13%
Hightstown borough, Mercer ,2015,3442,4,0.13%
Long Hill township, Morris ,2015,6215,8,0.13%
Magnolia borough, Camden ,2015,2658,3,0.13%
Midland Park borough, Bergen ,2015,4594,6,0.13%
Milltown borough, Middlesex ,2015,4955,6,0.13%
Morris Plains borough, Morris ,2015,3833,5,0.13%
Morris township, Morris ,2015,15584,20,0.13%
Point Pleasant Beach borough, Ocean ,2015,3324,4,0.13%
Port Republic city, Atlantic ,2015,759,1,0.13%
Red Bank borough, Monmouth ,2015,6466,9,0.13%
Sea Girt borough, Monmouth ,2015,1349,2,0.13%
Secaucus town, Hudson ,2015,10098,13,0.13%
Sparta township, Sussex ,2015,13563,18,0.13%
Allenhurst borough, Monmouth ,2015,343,0,0.12%
Berkeley Heights township, Union ,2015,8724,10,0.12%
Collingswood borough, Camden ,2015,8635,10,0.12%
Cranbury township, Middlesex ,2015,2693,3,0.12%
Elk township, Gloucester ,2015,2824,3,0.12%
Essex Fells borough, Essex ,2015,1633,2,0.12%
Fair Haven borough, Monmouth ,2015,4176,5,0.12%
Haddon township, Camden ,2015,9557,11,0.12%
Hi-Nella borough, Camden ,2015,498,1,0.12%
Lakehurst borough, Ocean ,2015,1524,2,0.12%
Lebanon township, Hunterdon ,2015,5228,6,0.12%
Longport borough, Atlantic ,2015,735,1,0.12%
Mansfield township, Burlington ,2015,6424,8,0.12%
Marlboro township, Monmouth ,2015,27015,32,0.12%
Monmouth Beach borough, Monmouth ,2015,2518,3,0.12%
Northvale borough, Bergen ,2015,3156,4,0.12%
Ramsey borough, Bergen ,2015,10570,13,0.12%
Ridgefield Park village, Bergen ,2015,6817,8,0.12%
Robbinsville township, Mercer ,2015,9667,11,0.12%
Rockleigh borough, Bergen ,2015,164,0,0.12%
Spring Lake Heights borough, Monmouth ,2015,3506,4,0.12%
Tewksbury township, Hunterdon ,2015,4920,6,0.12%
Weehawken township, Hudson ,2015,5957,7,0.12%
West Amwell township, Hunterdon ,2015,2305,3,0.12%
Westfield town, Union ,2015,19416,23,0.12%
Allentown borough, Monmouth ,2015,1344,2,0.11%
Barrington borough, Camden ,2015,4520,5,0.11%
Clinton town, Hunterdon ,2015,1671,2,0.11%
Cresskill borough, Bergen ,2015,5602,6,0.11%
Delaware township, Hunterdon ,2015,3847,4,0.11%
Elmer borough, Salem ,2015,960,1,0.11%
Englishtown borough, Monmouth ,2015,1271,1,0.11%
Florham Park borough, Morris ,2015,7100,8,0.11%
Frankford township, Sussex ,2015,4182,5,0.11%
Harrison township, Gloucester ,2015,8453,9,0.11%
Hillsborough township, Somerset ,2015,26430,30,0.11%
Jamesburg borough, Middlesex ,2015,3463,4,0.11%
Kingwood township, Hunterdon ,2015,3006,3,0.11%
Maurice River township, Cumberland ,2020,1850,2,0.11%
Medford Lakes borough, Burlington ,2015,3042,3,0.11%
Newfield borough, Gloucester ,2015,1132,1,0.11%
Readington township, Hunterdon ,2015,12675,15,0.11%
River Vale township, Bergen ,2015,6607,7,0.11%
Somerville borough, Somerset ,2015,7081,8,0.11%
South Bound Brook borough, Somerset ,2015,2634,3,0.11%
Southampton township, Burlington ,2015,7735,9,0.11%
Spring Lake borough, Monmouth ,2015,2218,3,0.11%
Stockton borough, Hunterdon ,2015,436,1,0.11%
Wood-Ridge borough, Bergen ,2015,5230,6,0.11%
Alexandria township, Hunterdon ,2015,3646,4,0.10%
Beach Haven borough, Ocean ,2015,802,1,0.10%
Bedminster township, Somerset ,2015,6854,7,0.10%
Belmar borough, Monmouth ,2015,4112,4,0.10%
Bernardsville borough, Somerset ,2015,5405,5,0.10%
Bloomsbury borough, Hunterdon ,2015,583,1,0.10%
Bordentown township, Burlington ,2015,7897,8,0.10%
Burlington city, Burlington ,2015,6132,6,0.10%
Cape May city, Cape May ,2015,1855,2,0.10%
Cedar Grove township, Essex ,2015,7838,8,0.10%
Chesterfield township, Burlington ,2015,4181,4,0.10%
Cinnaminson township, Burlington ,2015,11661,11,0.10%
Denville township, Morris ,2015,12274,12,0.10%
East Orange city, Essex ,2020,23862,24,0.10%
East Windsor township, Mercer ,2015,16438,16,0.10%
Franklin borough, Sussex ,2015,3435,3,0.10%
Franklin township, Somerset ,2015,40227,41,0.10%
Glen Rock borough, Bergen ,2015,7742,8,0.10%
Harrington Park borough, Bergen ,2015,3117,3,0.10%
Mantoloking borough, Ocean ,2015,286,0,0.10%
Metuchen borough, Middlesex ,2015,8704,8,0.10%
Millstone borough, Somerset ,2015,314,0,0.10%
Montville township, Morris ,2015,15160,15,0.10%
National Park borough, Gloucester ,2020,2076,2,0.10%
Old Tappan borough, Bergen ,2015,4104,4,0.10%
Ship Bottom borough, Ocean ,2015,766,1,0.10%
Upper township, Cape May ,2015,9243,9,0.10%
Washington township, Morris ,2015,13313,13,0.10%
Woodbine borough, Cape May ,2015,1159,1,0.10%
Woodlynne borough, Camden ,2015,1086,1,0.10%
Wrightstown borough, Burlington ,2015,404,0,0.10%
Bethlehem township, Hunterdon ,2015,3091,3,0.09%
Bloomfield township, Essex ,2015,26640,24,0.09%
Bloomingdale borough, Passaic ,2015,5322,5,0.09%
Branchburg township, Somerset ,2015,10341,10,0.09%
Commercial township, Cumberland ,2015,3067,3,0.09%
Cranford township, Union ,2015,15906,14,0.09%
East Brunswick township, Middlesex ,2015,31289,27,0.09%
Egg Harbor City city, Atlantic ,2015,2365,2,0.09%
Fieldsboro borough, Burlington ,2015,432,0,0.09%
Fort Lee borough, Bergen ,2015,21598,20,0.09%
Franklin township, Gloucester ,2015,11612,10,0.09%
Franklin township, Warren ,2015,2424,2,0.09%
Hammonton town, Atlantic ,2015,9456,9,0.09%
Haworth borough, Bergen ,2015,2358,2,0.09%
Hoboken city, Hudson ,2015,19782,17,0.09%
Irvington township, Essex ,2020,22268,21,0.09%
Lake Como borough, Monmouth ,2015,1054,1,0.09%
Long Beach township, Ocean ,2015,2591,2,0.09%
Merchantville borough, Camden ,2015,2262,2,0.09%
Middle township, Cape May ,2015,12138,11,0.09%
Milford borough, Hunterdon ,2015,865,1,0.09%
Montvale borough, Bergen ,2015,5358,5,0.09%
Mount Holly township, Burlington ,2015,5327,5,0.09%
Mount Laurel township, Burlington ,2015,29434,26,0.09%
Paramus borough, Bergen ,2015,16641,15,0.09%
Pemberton borough, Burlington ,2015,1032,1,0.09%
Piscataway township, Middlesex ,2015,30116,26,0.09%
Raritan township, Hunterdon ,2015,15877,14,0.09%
Riverdale borough, Morris ,2015,3326,3,0.09%
Riverton borough, Burlington ,2015,1943,2,0.09%
Roseland borough, Essex ,2015,4296,4,0.09%
Sandyston township, Sussex ,2015,1519,1,0.09%
Scotch Plains township, Union ,2015,16037,15,0.09%
Sussex borough, Sussex ,2015,1161,1,0.09%
Teaneck township, Bergen ,2015,21614,20,0.09%
Union township, Hunterdon ,2015,3838,4,0.09%
Upper Pittsgrove township, Salem ,2015,2457,2,0.09%
Washington township, Bergen ,2015,6483,6,0.09%
Woodbury city, Gloucester ,2015,5726,5,0.09%
Woodbury Heights borough, Gloucester ,2015,2070,2,0.09%
Avalon borough, Cape May ,2015,1232,1,0.08%
Bergenfield borough, Bergen ,2015,15182,13,0.08%
Boonton town, Morris ,2015,5544,4,0.08%
Branchville borough, Sussex ,2015,526,0,0.08%
Dennis township, Cape May ,2015,4924,4,0.08%
East Rutherford borough, Bergen ,2015,5282,4,0.08%
Edison township, Middlesex ,2015,60480,47,0.08%
Evesham township, Burlington ,2015,31935,24,0.08%
Fairfield township, Essex ,2015,4874,4,0.08%
Greenwich township, Gloucester ,2015,3560,3,0.08%
Haddon Heights borough, Camden ,2015,5052,4,0.08%
Hampton borough, Hunterdon ,2015,907,1,0.08%
Harvey Cedars borough, Ocean ,2015,357,0,0.08%
Holland township, Hunterdon ,2015,4131,3,0.08%
Keyport borough, Monmouth ,2015,4212,3,0.08%
Lavallette borough, Ocean ,2015,1597,1,0.08%
Manalapan township, Monmouth ,2015,26959,22,0.08%
Oaklyn borough, Camden ,2015,2709,2,0.08%
Parsippany-Troy Hills township, Morris ,2015,34684,29,0.08%
Plainfield city, Union ,2015,20832,16,0.08%
Pleasantville city, Atlantic ,2020,9236,7,0.08%
Ridgefield borough, Bergen ,2015,6463,5,0.08%
Ringwood borough, Passaic ,2015,8479,7,0.08%
Rockaway borough, Morris ,2015,4224,4,0.08%
Somerdale borough, Camden ,2015,3442,3,0.08%
South Harrison township, Gloucester ,2015,2251,2,0.08%
Swedesboro borough, Gloucester ,2015,1510,1,0.08%
Ventnor City city, Atlantic ,2015,5786,5,0.08%
Washington borough, Warren ,2015,4183,4,0.08%
West Cape May borough, Cape May ,2015,652,1,0.08%
West Orange township, Essex ,2015,27101,21,0.08%
Wyckoff township, Bergen ,2015,11639,9,0.08%
Allendale borough, Bergen ,2015,4418,3,0.07%
Avon-by-the-Sea borough, Monmouth ,2015,1423,1,0.07%
Bradley Beach borough, Monmouth ,2015,2960,2,0.07%
Brick township, Ocean ,2015,53207,38,0.07%
Bridgewater township, Somerset ,2015,29384,19,0.07%
Burlington township, Burlington ,2015,14191,10,0.07%
Byram township, Sussex ,2015,6017,4,0.07%
Caldwell borough, Essex ,2015,5218,3,0.07%
Eatontown borough, Monmouth ,2015,8738,6,0.07%
Egg Harbor township, Atlantic ,2015,27423,20,0.07%
Freehold borough, Monmouth ,2015,5153,4,0.07%
Gibbsboro borough, Camden ,2015,1535,1,0.07%
Glen Ridge borough, Essex ,2015,4361,3,0.07%
Hardyston township, Sussex ,2015,6054,4,0.07%
Hasbrouck Heights borough, Bergen ,2015,7454,5,0.07%
Lumberton township, Burlington ,2015,8118,6,0.07%
Mahwah township, Bergen ,2015,16288,12,0.07%
Matawan borough, Monmouth ,2015,5886,4,0.07%
Maywood borough, Bergen ,2015,5616,4,0.07%
Middletown township, Monmouth ,2015,45668,32,0.07%
Mullica township, Atlantic ,2015,4152,3,0.07%
New Brunswick city, Middlesex ,2015,14721,10,0.07%
New Hanover township, Burlington ,2015,1160,1,0.07%
North Brunswick township, Middlesex ,2015,24907,19,0.07%
Ocean City city, Cape May ,2015,7512,5,0.07%
Ocean township, Monmouth ,2015,18175,13,0.07%
Oceanport borough, Monmouth ,2015,4035,3,0.07%
Park Ridge borough, Bergen ,2015,5742,4,0.07%
Point Pleasant borough, Ocean ,2015,13208,10,0.07%
Raritan borough, Somerset ,2015,4431,3,0.07%
Roselle Park borough, Union ,2015,8058,6,0.07%
Shamong township, Burlington ,2015,4841,4,0.07%
Shrewsbury township, Monmouth ,2015,693,1,0.07%
South River borough, Middlesex ,2015,9674,7,0.07%
Surf City borough, Ocean ,2015,939,1,0.07%
Tabernacle township, Burlington ,2015,5297,4,0.07%
Tuckerton borough, Ocean ,2015,2256,2,0.07%
Upper Freehold township, Monmouth ,2015,5221,3,0.07%
Vernon township, Sussex ,2015,16891,12,0.07%
West Caldwell township, Essex ,2015,6833,5,0.07%
Westampton township, Burlington ,2015,6096,5,0.07%
Winslow township, Camden ,2015,24412,17,0.07%
Aberdeen township, Monmouth ,2015,12240,7,0.06%
Berlin borough, Camden ,2015,4560,3,0.06%
Beverly city, Burlington ,2015,1480,1,0.06%
Boonton township, Morris ,2015,3212,2,0.06%
Brigantine city, Atlantic ,2015,6844,4,0.06%
Butler borough, Morris ,2015,4750,3,0.06%
Clinton township, Hunterdon ,2015,8447,5,0.06%
Corbin City city, Atlantic ,2015,350,0,0.06%
Delanco township, Burlington ,2015,3170,2,0.06%
Delran township, Burlington ,2015,10852,6,0.06%
Deptford township, Gloucester ,2015,19764,13,0.06%
Eastampton township, Burlington ,2015,4070,3,0.06%
Ewing township, Mercer ,2015,21607,12,0.06%
Florence township, Burlington ,2015,8951,5,0.06%
Galloway township, Atlantic ,2015,21578,12,0.06%
Green township, Sussex ,2015,2492,2,0.06%
Greenwich township, Warren ,2015,3700,2,0.06%
Hackensack city, Bergen ,2015,22056,14,0.06%
Hainesport township, Burlington ,2015,4666,3,0.06%
Haledon borough, Passaic ,2015,4196,3,0.06%
Hamburg borough, Sussex ,2015,2359,2,0.06%
Hamilton township, Atlantic ,2015,16283,9,0.06%
Harrison town, Hudson ,2015,5730,4,0.06%
Hazlet township, Monmouth ,2015,13764,8,0.06%
Helmetta borough, Middlesex ,2015,1546,1,0.06%
Jefferson township, Morris ,2015,15646,10,0.06%
Jersey City city, Hudson ,2015,81724,49,0.06%
Lafayette township, Sussex ,2015,1731,1,0.06%
Liberty township, Warren ,2015,2133,1,0.06%
Little Ferry borough, Bergen ,2015,6242,4,0.06%
Long Branch city, Monmouth ,2015,16830,11,0.06%
Mansfield township, Warren ,2015,5771,4,0.06%
Margate City city, Atlantic ,2015,4817,3,0.06%
Millville city, Cumberland ,2015,16275,10,0.06%
Montague township, Sussex ,2015,2681,2,0.06%
Moonachie borough, Bergen ,2015,1587,1,0.06%
Mount Olive township, Morris ,2015,19279,11,0.06%
New Providence borough, Union ,2015,7562,5,0.06%
Newton town, Sussex ,2015,4296,3,0.06%
North Plainfield borough, Somerset ,2015,11991,7,0.06%
North Wildwood city, Cape May ,2015,2718,2,0.06%
Oakland borough, Bergen ,2015,9035,5,0.06%
Ogdensburg borough, Sussex ,2020,1580,1,0.06%
Pemberton township, Burlington ,2015,18353,11,0.06%
Prospect Park borough, Passaic ,2015,2634,2,0.06%
Rahway city, Union ,2015,15960,9,0.06%
Randolph township, Morris ,2015,17804,10,0.06%
Riverside township, Burlington ,2015,4887,3,0.06%
Rutherford borough, Bergen ,2015,11083,6,0.06%
Tinton Falls borough, Monmouth ,2015,11725,7,0.06%
Verona township, Essex ,2015,8811,5,0.06%
Waldwick borough, Bergen ,2015,6660,4,0.06%
Wantage township, Sussex ,2015,8198,5,0.06%
Washington township, Gloucester ,2015,31718,18,0.06%
Washington township, Warren ,2015,5015,3,0.06%
Waterford township, Camden ,2015,6977,5,0.06%
Wayne township, Passaic ,2015,34528,19,0.06%
West Wildwood borough, Cape May ,2015,331,0,0.06%
Wildwood city, Cape May ,2015,2840,2,0.06%
Woodland Park borough, Passaic ,2015,7417,4,0.06%
Allamuchy township, Warren ,2015,3549,2,0.05%
Andover township, Sussex ,2015,3946,2,0.05%
Beachwood borough, Ocean ,2015,7365,4,0.05%
Bridgeton city, Cumberland ,2015,8152,4,0.05%
Camden city, Camden ,2020,25563,14,0.05%
Clark township, Union ,2015,10246,5,0.05%
Clementon borough, Camden ,2015,3074,1,0.05%
Downe township, Cumberland ,2015,1041,1,0.05%
Edgewater Park township, Burlington ,2015,5794,3,0.05%
Fair Lawn borough, Bergen ,2015,20699,10,0.05%
Folsom borough, Atlantic ,2015,1283,1,0.05%
Freehold township, Monmouth ,2015,23432,12,0.05%
Gloucester township, Camden ,2015,41195,23,0.05%
Hackettstown town, Warren ,2015,5707,3,0.05%
Hamilton township, Mercer ,2015,58255,32,0.05%
Hardwick township, Warren ,2015,1099,1,0.05%
Hawthorne borough, Passaic ,2015,12032,6,0.05%
Hope township, Warren ,2015,1471,1,0.05%
Howell township, Monmouth ,2015,34798,19,0.05%
Jackson township, Ocean ,2015,38627,21,0.05%
Linden city, Union ,2015,22877,12,0.05%
Lindenwold borough, Camden ,2015,9546,4,0.05%
Little Egg Harbor township, Ocean ,2015,14316,7,0.05%
Little Silver borough, Monmouth ,2015,4255,2,0.05%
Manville borough, Somerset ,2015,6219,3,0.05%
Monroe township, Gloucester ,2015,23516,13,0.05%
New Milford borough, Bergen ,2015,10231,5,0.05%
North Arlington borough, Bergen ,2015,9560,5,0.05%
North Caldwell borough, Essex ,2015,4728,3,0.05%
North Haledon borough, Passaic ,2015,5998,3,0.05%
North Hanover township, Burlington ,2015,4696,3,0.05%
Northfield city, Atlantic ,2015,5516,3,0.05%
Old Bridge township, Middlesex ,2015,42870,20,0.05%
Pennsville township, Salem ,2015,9387,5,0.05%
Rockaway township, Morris ,2015,17039,9,0.05%
Roxbury township, Morris ,2015,15971,9,0.05%
Salem city, Salem ,2015,2046,1,0.05%
South Plainfield borough, Middlesex ,2015,15601,8,0.05%
Springfield township, Burlington ,2015,2572,1,0.05%
Stratford borough, Camden ,2015,4398,2,0.05%
Union Beach borough, Monmouth ,2015,3702,2,0.05%
Wall township, Monmouth ,2015,18509,10,0.05%
West Milford township, Passaic ,2015,18726,9,0.05%
Willingboro township, Burlington ,2015,18547,10,0.05%
Winfield township, Union ,2015,970,1,0.05%
Woolwich township, Gloucester ,2015,7378,4,0.05%
Bass River township, Burlington ,2015,1080,0,0.04%
Berkeley township, Ocean ,2015,29667,11,0.04%
Blairstown township, Warren ,2015,4311,2,0.04%
Brooklawn borough, Camden ,2015,1131,0,0.04%
Buena Vista township, Atlantic ,2015,5217,2,0.04%
Cliffside Park borough, Bergen ,2015,13423,5,0.04%
Clifton city, Passaic ,2015,45145,18,0.04%
Dumont borough, Bergen ,2015,11333,5,0.04%
East Greenwich township, Gloucester ,2015,6788,3,0.04%
East Newark borough, Hudson ,2015,805,0,0.04%
Fairfield township, Cumberland ,2015,3082,1,0.04%
Fredon township, Sussex ,2015,2453,1,0.04%
Frelinghuysen township, Warren ,2015,1836,1,0.04%
Glassboro borough, Gloucester ,2015,10829,4,0.04%
Gloucester City city, Camden ,2015,5867,3,0.04%
Green Brook township, Somerset ,2015,4822,2,0.04%
Hampton township, Sussex ,2015,3947,2,0.04%
Hillside township, Union ,2015,11814,5,0.04%
Hopatcong borough, Sussex ,2015,10925,4,0.04%
Independence township, Warren ,2015,4154,2,0.04%
Interlaken borough, Monmouth ,2015,667,0,0.04%
Kearny town, Hudson ,2015,20607,8,0.04%
Kinnelon borough, Morris ,2015,7680,3,0.04%
Little Falls township, Passaic ,2015,8799,4,0.04%
Lodi borough, Bergen ,2015,13518,6,0.04%
Logan township, Gloucester ,2015,4126,2,0.04%
Lopatcong township, Warren ,2015,5458,2,0.04%
Lower township, Cape May ,2015,15385,6,0.04%
Manasquan borough, Monmouth ,2015,4287,2,0.04%
Manchester township, Ocean ,2015,30775,14,0.04%
Mantua township, Gloucester ,2015,10726,5,0.04%
Maple Shade township, Burlington ,2015,12599,5,0.04%
Neptune City borough, Monmouth ,2015,2931,1,0.04%
Neptune township, Monmouth ,2015,17382,6,0.04%
Nutley township, Essex ,2015,18002,7,0.04%
Pennsauken township, Camden ,2015,20879,9,0.04%
Perth Amboy city, Middlesex ,2015,20012,9,0.04%
Phillipsburg town, Warren ,2015,8309,4,0.04%
Pine Hill borough, Camden ,2015,5938,3,0.04%
Pittsgrove township, Salem ,2015,6576,2,0.04%
Pohatcong township, Warren ,2015,2480,1,0.04%
Runnemede borough, Camden ,2015,5025,2,0.04%
Seaside Heights borough, Ocean ,2015,1428,1,0.04%
Spotswood borough, Middlesex ,2015,5461,2,0.04%
Springfield township, Union ,2015,11511,4,0.04%
Stafford township, Ocean ,2015,18722,7,0.04%
Stanhope borough, Sussex ,2015,2584,1,0.04%
Stillwater township, Sussex ,2015,3113,1,0.04%
Toms River township, Ocean ,2015,61597,27,0.04%
Vineland city, Cumberland ,2015,34378,14,0.04%
Wallington borough, Bergen ,2015,7119,3,0.04%
Wanaque borough, Passaic ,2015,7375,3,0.04%
Wildwood Crest borough, Cape May ,2015,2345,1,0.04%
Woodbridge township, Middlesex ,2015,57597,26,0.04%
Absecon city, Atlantic ,2015,5679,2,0.03%
Alpha borough, Warren ,2015,1552,1,0.03%
Atlantic City city, Atlantic ,2015,11389,3,0.03%
Atlantic Highlands borough, Monmouth ,2015,3221,1,0.03%
Barnegat township, Ocean ,2015,14320,5,0.03%
Bayonne city, Hudson ,2015,30262,10,0.03%
Brielle borough, Monmouth ,2015,3621,1,0.03%
Clayton borough, Gloucester ,2015,5293,2,0.03%
Deerfield township, Cumberland ,2015,2052,1,0.03%
Dunellen borough, Middlesex ,2015,4345,1,0.03%
East Hanover township, Morris ,2015,7866,2,0.03%
East Orange city, Essex ,2015,24470,7,0.03%
Elmwood Park borough, Bergen ,2015,11958,4,0.03%
Fairview borough, Bergen ,2015,6832,2,0.03%
Garfield city, Bergen ,2015,16654,5,0.03%
Harmony township, Warren ,2015,2031,1,0.03%
Highlands borough, Monmouth ,2015,3595,1,0.03%
Hillsdale borough, Bergen ,2015,6741,2,0.03%
Hopewell township, Cumberland ,2015,3103,1,0.03%
Knowlton township, Warren ,2015,2211,1,0.03%
Lacey township, Ocean ,2015,20857,7,0.03%
Laurel Springs borough, Camden ,2015,1267,0,0.03%
Lyndhurst township, Bergen ,2015,12696,4,0.03%
Mannington township, Salem ,2015,975,0,0.03%
Mount Ephraim borough, Camden ,2015,2886,1,0.03%
Newark city, Essex ,2015,79073,20,0.03%
North Bergen township, Hudson ,2015,25672,8,0.03%
Oxford township, Warren ,2015,1730,1,0.03%
Palisades Park borough, Bergen ,2015,9964,3,0.03%
Pilesgrove township, Salem ,2015,2877,1,0.03%
Pitman borough, Gloucester ,2015,6148,2,0.03%
Plumsted township, Ocean ,2015,5847,2,0.03%
River Edge borough, Bergen ,2015,7194,2,0.03%
Rochelle Park township, Bergen ,2015,3525,1,0.03%
Roselle borough, Union ,2015,10664,3,0.03%
Sayreville borough, Middlesex ,2015,27715,9,0.03%
South Amboy city, Middlesex ,2015,6190,2,0.03%
Stow Creek township, Cumberland ,2015,1175,0,0.03%
Trenton city, Mercer ,2015,29482,8,0.03%
Union City city, Hudson ,2015,17479,5,0.03%
Union township, Union ,2015,34244,9,0.03%
Upper Deerfield township, Cumberland ,2015,5580,2,0.03%
Washington township, Burlington ,2015,642,0,0.03%
Wenonah borough, Gloucester ,2015,1616,1,0.03%
West New York town, Hudson ,2015,15049,4,0.03%
Westville borough, Gloucester ,2015,2659,1,0.03%
Weymouth township, Atlantic ,2015,2012,1,0.03%
Woodland township, Burlington ,2015,1020,0,0.03%
Woodstown borough, Salem ,2015,2396,1,0.03%
Alloway township, Salem ,2015,2475,1,0.02%
Belleville township, Essex ,2015,18990,4,0.02%
Belvidere town, Warren ,2015,1721,0,0.02%
Bogota borough, Bergen ,2015,4848,1,0.02%
Carlstadt borough, Bergen ,2015,3752,1,0.02%
Carteret borough, Middlesex ,2015,13234,3,0.02%
City of Orange township, Essex ,2015,10257,2,0.02%
Dover town, Morris ,2015,8237,1,0.02%
Elsinboro township, Salem ,2015,836,0,0.02%
Emerson borough, Bergen ,2015,4756,1,0.02%
Guttenberg town, Hudson ,2015,3686,1,0.02%
Kenilworth borough, Union ,2015,5293,1,0.02%
Lakewood township, Ocean ,2015,33720,6,0.02%
Linwood city, Atlantic ,2015,4728,1,0.02%
Lower Alloways Creek township, Salem ,2015,1208,0,0.02%
Ocean township, Ocean ,2015,6884,1,0.02%
Passaic city, Passaic ,2015,17246,3,0.02%
Paterson city, Passaic ,2015,43819,7,0.02%
Penns Grove borough, Salem ,2015,2061,0,0.02%
Pequannock township, Morris ,2015,10514,2,0.02%
Quinton township, Salem ,2015,1872,0,0.02%
Roosevelt borough, Monmouth ,2015,526,0,0.02%
Somers Point city, Atlantic ,2015,6577,1,0.02%
South Toms River borough, Ocean ,2015,2029,0,0.02%
Totowa borough, Passaic ,2015,6392,1,0.02%
West Deptford township, Gloucester ,2015,14963,3,0.02%
White township, Warren ,2015,3516,1,0.02%
Audubon borough, Camden ,2015,6212,1,0.01%
Audubon Park borough, Camden ,2015,743,0,0.01%
Bellmawr borough, Camden ,2015,7034,1,0.01%
Buena borough, Atlantic ,2015,2946,0,0.01%
Camden city, Camden ,2015,22752,1,0.01%
Carneys Point township, Salem ,2015,4652,1,0.01%
Elizabeth city, Union ,2015,45271,3,0.01%
Estell Manor city, Atlantic ,2015,1249,0,0.01%
Lawrence township, Cumberland ,2015,2034,0,0.01%
Lincoln Park borough, Morris ,2015,7119,1,0.01%
Maurice River township, Cumberland ,2015,2178,0,0.01%
Middlesex borough, Middlesex ,2015,9150,1,0.01%
Mount Arlington borough, Morris ,2015,3744,0,0.01%
Pleasantville city, Atlantic ,2015,9155,1,0.01%
Pompton Lakes borough, Passaic ,2015,7062,1,0.01%
Saddle Brook township, Bergen ,2015,9434,1,0.01%
South Hackensack township, Bergen ,2015,1415,0,0.01%
Victory Gardens borough, Morris ,2015,764,0,0.01%
Barnegat Light borough, Ocean ,2015,511,0,0.00%
Berlin township, Camden ,2015,3128,0,0.00%
Bound Brook borough, Somerset ,2015,5681,0,0.00%
Cape May Point borough, Cape May ,2015,185,0,0.00%
Chesilhurst borough, Camden ,2015,976,0,0.00%
Deal borough, Monmouth ,2015,542,0,0.00%
Eagleswood township, Ocean ,2015,1187,0,0.00%
Garwood borough, Union ,2015,2937,0,0.00%
Greenwich township, Cumberland ,2015,747,0,0.00%
High Bridge borough, Hunterdon ,2015,2677,0,0.00%
Irvington township, Essex ,2015,20693,0,0.00%
Keansburg borough, Monmouth ,2015,5778,0,0.00%
Lawnside borough, Camden ,2015,1547,0,0.00%
Mine Hill township, Morris ,2015,2249,0,0.00%
National Park borough, Gloucester ,2015,1809,0,0.00%
Netcong borough, Morris ,2015,2178,0,0.00%
Norwood borough, Bergen ,2015,4133,0,0.00%
Ocean Gate borough, Ocean ,2015,1410,0,0.00%
Ogdensburg borough, Sussex ,2015,1743,0,0.00%
Oldmans township, Salem ,2015,1316,0,0.00%
Paulsboro borough, Gloucester ,2015,3234,0,0.00%
Pine Beach borough, Ocean ,2015,1608,0,0.00%
Pine Valley borough, Camden ,2015,2,0,0.00%
Sea Isle City city, Cape May ,2015,1398,0,0.00%
Seaside Park borough, Ocean ,2015,1357,0,0.00%
Shiloh borough, Cumberland ,2015,388,0,0.00%
Tavistock borough, Camden ,2015,6,0,0.00%
Teterboro borough, Bergen ,2015,53,0,0.00%
Walpack township, Sussex ,2015,5,0,0.00%
Wharton borough, Morris ,2015,3623,0,0.00%
